id_direccion,calle,codigo_postal,provincia,pais,id_pais
0,Vial Iris Calvet,27062,Cádiz,Spain,141
1,Plaza Saturnina Barrios,20222,Teruel,Mauritius,32
2,Pasaje Herberto Fernández,38430,Las Palmas,Gabon,18
3,Avenida de Martín Gual,03517,Cuenca,Jordan,70
4,Paseo Natalia Agullo,34105,Melilla,Seychelles,41
5,Rambla Irma Llamas,17101,Cáceres,Mauritius,32
6,Paseo Natalia Blázquez,15950,Alicante,Senegal,40
7,Glorieta de Simón Pérez,04831,Badajoz,Kyrgyzstan,75
8,Cañada Marisa Expósito,20462,Teruel,Dominica,154
9,Pasadizo de Florentina Ibarra,42225,Ciudad,Cyprus,110
10,Paseo de Perlita Espejo,30036,Albacete,Bolivia,185
11,Calle de Isidora Valbuena,08562,Guadalajara,Mozambique,34
12,Alameda de Bibiana Cuevas,46553,Soria,Ethiopia,17
13,Plaza Artemio Doménech,42124,Melilla,Angola,1
14,Plaza de Consuela Bertrán,17300,La Coruña,Estonia,113
15,Vial de Milagros Galindo,13408,Valladolid,Algeria,0
16,Urbanización de Jenaro Lladó,35752,Baleares,Malawi,29
17,Paseo de Josep Oliva,11903,Zamora,Guatemala,158
18,Paseo Celso Gordillo,10342,Cádiz,Belize,150
19,Acceso de Mayte Ramis,25518,Baleares,Georgia,116
20,Acceso de Leandro Ramirez,27293,Toledo,Syria,90
21,Calle Trinidad Roig,52068,Málaga,United States,169
22,C. de Asdrubal Pedro,28964,Palencia,Pakistan,83
23,Alameda Leticia Naranjo,39088,Vizcaya,Bulgaria,108
24,Alameda Matías Hoyos,27986,Melilla,Djibouti,13
25,Alameda de Paloma Plaza,38743,La Coruña,United Arab Emirates,96
26,Rambla Violeta Rius,12863,Granada,Bolivia,185
27,C. María Toro,13265,Salamanca,Benin,2
28,Avenida de Estrella Guardia,49118,Badajoz,Vatican City,146
29,C. de Luciano López,05140,Granada,Tuvalu,182
30,Camino de Rosendo Maestre,18376,León,Egypt,14
31,Via de Leire Tena,11263,Ourense,Albania,100
32,Via Mercedes Benavente,50204,La Rioja,Burma (Myanmar),59
33,Urbanización Eulalia Galvez,27638,Cádiz,Venezuela,195
34,Via de Cristóbal Alcántara,13818,Zamora,Uzbekistan,97
35,Glorieta de Abraham Márquez,48570,Murcia,Honduras,160
36,Plaza Nazaret Calleja,04447,Córdoba,South Sudan,45
37,C. de Rubén Padilla,48838,Málaga,Burundi,5
38,Via de Manu Salvador,39495,Málaga,Maldives,79
39,Urbanización Albina Duran,05525,La Coruña,Comoros,10
40,Glorieta de Herberto Arroyo,48282,Melilla,Qatar,85
41,Ronda de Valentina Diaz,18207,Lleida,Iraq,67
42,Alameda Anabel Posada,24737,Barcelona,Bahamas,148
43,Callejón Tomasa Simó,36376,Castellón,Costa Rica,152
44,Vial de Corona Galán,11358,Zamora,Portugal,135
45,Callejón Pacífica Pino,03025,Vizcaya,Netherlands,132
46,Ronda de Maxi Cobos,09850,Melilla,Lebanon,77
47,Ronda Amor Reina,06089,La Coruña,Benin,2
48,Alameda Porfirio Morell,22398,Cáceres,Namibia,35
49,C. Marisol Tenorio,32681,Salamanca,Burundi,5
50,Paseo Jose Antonio Mármol,39842,León,Malta,128
51,Alameda de Encarnacion Medina,31186,Valladolid,United States,169
52,Cuesta Victorino Garcia,20885,Córdoba,Bahamas,148
53,Urbanización Gertrudis Lozano,18498,Jaén,Azerbaijan,104
54,Plaza de Carmina Bernal,34289,Burgos,Kiribati,172
55,Camino Soledad Amores,05054,Soria,Mali,30
56,Cuesta de Camila Gabaldón,31381,Guadalajara,Burundi,5
57,Alameda de Miguela Perales,15208,La Coruña,Dominica,154
58,Paseo Rolando Prats,34626,Santa Cruz de Tenerife,Cuba,153
59,Alameda de Áurea Casares,02262,Las Palmas,Solomon Islands,180
60,Calle Abril Lucas,07387,Cáceres,Central African Republic,8
61,C. Florinda Pallarès,04322,Salamanca,Saint Lucia,166
62,Acceso de Diana Rivas,30483,Las Palmas,Saint Vincent and the Grenadines,167
63,Alameda Josefina Vazquez,28760,Toledo,Palau,177
64,Paseo Fermín Moya,09580,Segovia,Moldova,129
65,Rambla Marcio Godoy,40985,Valencia,Argentina,184
66,Acceso Roldán Ojeda,15330,León,Greece,118
67,Rambla de Juliana Feijoo,47202,Cuenca,Cambodia,60
68,Pasadizo Elba Carnero,34387,Albacete,Angola,1
69,C. de Jessica Azcona,05384,La Coruña,Syria,90
70,Pasaje Baudelio Gallo,12377,Santa Cruz de Tenerife,Croatia,109
71,C. de Anita Marin,50450,Baleares,Gambia,19
72,C. de María Fernanda Piña,10858,Cáceres,Switzerland,143
73,Ronda de Luz Comas,30722,Albacete,San Marino,137
74,Paseo Darío Sanchez,05872,Navarra,Zambia,52
75,Camino de Ileana Cobos,13737,Melilla,Mauritania,31
76,Alameda de Sebastián Bauzà,17862,Burgos,Sudan,46
77,Cañada de Rodolfo Campoy,33518,Burgos,Serbia,138
78,Ronda Joaquín Viñas,44900,Castellón,Poland,134
79,Ronda Marco Tormo,33495,Lugo,Finland,114
80,Pasadizo de Leoncio Sans,18498,Madrid,Seychelles,41
81,Alameda Gala Baena,17730,Málaga,Suriname,193
82,Cañada de Sandalio Santos,47101,Ávila,Solomon Islands,180
83,Calle de María Manuela Rubio,37109,Cantabria,Poland,134
84,C. Aura Rico,34407,Castellón,Peru,192
85,Paseo José Antonio Carmona,16737,Guipúzcoa,Vietnam,98
86,Camino de Jose Miguel Mayo,30990,Tarragona,Ivory Coast,23
87,Via de Toño Saura,05773,Huesca,South Korea,73
88,Glorieta de Juan Pablo Bosch,29717,Albacete,Botswana,3
89,Urbanización de Belen Seco,47240,La Rioja,Madagascar,28
90,Glorieta de Ovidio Sáez,17590,Ciudad,Switzerland,143
91,Pasadizo de Jaime Seguí,12026,Badajoz,Panama,164
92,Vial de Benita Raya,16845,Palencia,Monaco,130
93,Camino de Paula Nogués,08406,Ceuta,Malaysia,78
94,Callejón Leoncio Rincón,24029,Santa Cruz de Tenerife,Vatican City,146
95,Cañada de Zaira Chamorro,06031,Navarra,Jamaica,161
96,Ronda de Leandro Azcona,41328,Málaga,Hong Kong,63
97,C. Chus Segura,21442,Almería,Central African Republic,8
98,Vial Claudio Barbero,23099,Guipúzcoa,Belize,150
99,Callejón Jacinto Vizcaíno,35414,Girona,Georgia,116
100,Pasaje de Paloma Caro,39748,Cantabria,Austria,103
101,Calle de Gerardo Fiol,48317,Granada,Belgium,106
102,Pasaje José Luis Julián,09566,Álava,Luxembourg,126
103,Urbanización Tania Gutierrez,33252,Cáceres,Tanzania,48
104,Ronda Jose Ignacio Canals,09104,Álava,Paraguay,191
105,Ronda de José María Giner,15389,La Rioja,United Kingdom,145
106,Pasadizo de Bernardino Pavón,16412,Segovia,Kazakhstan,71
107,Cuesta Ezequiel Salcedo,48393,Córdoba,Norway,133
108,Camino de Sofía Guerra,13726,Almería,Guinea,21
109,Paseo Dulce Lobato,47274,Baleares,Albania,100
110,Camino Timoteo Coloma,32929,Melilla,Luxembourg,126
111,Avenida Genoveva Ledesma,16925,Soria,San Marino,137
112,Alameda Juan Bautista Ferrándiz,14176,Córdoba,Ethiopia,17
113,Ronda de Enrique Vila,46220,La Coruña,Turkey,94
114,C. de Marcio Belda,23297,Castellón,Cambodia,60
115,Vial de Rosario Oliva,20392,Santa Cruz de Tenerife,Vanuatu,183
116,Cuesta Agapito Pagès,21654,Zamora,Guinea-Bissau,22
117,Calle de Ale Mateo,48959,Las Palmas,Kuwait,74
118,Acceso de Pastor Cervantes,16909,Cáceres,Congo,11
119,C. Raimundo Gilabert,15698,Las Palmas,Nicaragua,163
120,Avenida Claudia Osorio,27996,Navarra,Turkey,94
121,Camino María Madrid,46202,Guipúzcoa,Bahrain,55
122,Cañada Isidro Ocaña,26427,Albacete,Palau,177
123,Plaza de Lucas Palacios,02916,Toledo,United Arab Emirates,96
124,C. de Nélida Nebot,33989,Santa Cruz de Tenerife,Croatia,109
125,Paseo de Aurelio Velasco,39051,Navarra,Thailand,93
126,Acceso de Encarnita Avilés,08907,Córdoba,Mongolia,80
127,Pasadizo Danilo Llamas,47366,Pontevedra,Panama,164
128,Avenida de Zaira Saldaña,41530,Cuenca,Serbia,138
129,Avenida Ernesto Escobar,25812,Teruel,Belize,150
130,Glorieta de Román Luján,08413,Zamora,Rwanda,38
131,C. de Carlos Bernal,36098,Murcia,Trinidad and Tobago,168
132,Via de Narciso Uría,01786,Toledo,Comoros,10
133,Calle Rosa María Baena,43390,Guipúzcoa,Andorra,101
134,Rambla Leandro Prat,39866,Tarragona,Sao Tome and Principe,39
135,Urbanización de Cecilia Salom,02727,La Rioja,Qatar,85
136,Callejón de Ramona Ferrero,15479,Burgos,Bolivia,185
137,Cuesta Maxi Somoza,14272,Girona,Somalia,43
138,Plaza de Anabel Giralt,45064,Ourense,Haiti,159
139,Vial Juanito Castejón,19160,Córdoba,Ghana,20
140,Glorieta Humberto Duarte,18902,Cádiz,United States,169
141,Alameda de Clemente Ferrando,20157,Lugo,Liberia,26
142,Camino Vidal Aragonés,51578,Alicante,Afghanistan,54
143,Pasaje de María Manuela Carreño,18281,Ceuta,Albania,100
144,Cañada de Alexandra Porta,20113,Ourense,Tanzania,48
145,Paseo de Albino Cañellas,51106,Lleida,Malawi,29
146,Callejón de Felicidad Frías,33460,Almería,Saudi Arabia,87
147,Calle Natanael Herranz,21953,Zaragoza,Uzbekistan,97
148,Callejón de Gregorio Ponce,43890,Burgos,Kyrgyzstan,75
149,Pasadizo de Jorge Aguado,18348,Valladolid,Syria,90
150,Plaza de Victor Manuel Mariscal,37628,Sevilla,Libya,27
151,Cuesta Juan Manuel Garriga,24452,Zaragoza,Haiti,159
152,Pasaje Carolina Millán,23673,Ourense,Denmark,112
153,C. de Pía Blanes,03800,Ciudad,Sao Tome and Principe,39
154,Paseo de Mayte Martin,26130,Huelva,Saudi Arabia,87
155,Calle de Sol Padilla,40472,Huesca,Costa Rica,152
156,C. Eva María Carretero,45301,Granada,Burma (Myanmar),59
157,Camino Bernardita Borrell,02561,Melilla,India,64
158,Vial Evaristo Alcalá,42239,Albacete,Oman,82
159,Vial de Pascuala Dueñas,25891,Alicante,Oman,82
160,Vial Juan Luis Pérez,47024,Valencia,Cuba,153
161,Plaza de Belén Paredes,05150,Almería,Guyana,190
162,Vial de Enrique Malo,03701,Ourense,Cambodia,60
163,Callejón de Loida Ortega,27772,Tarragona,Colombia,188
164,Rambla Mirta Castañeda,19849,Soria,San Marino,137
165,Calle de Angelina Almazán,47029,Albacete,Lebanon,77
166,C. de Nilda Miralles,23833,Cantabria,Mauritius,32
167,Via de Gastón Piñeiro,35347,La Rioja,Laos,76
168,Calle de Angelino Catalá,14085,Pontevedra,Germany,117
169,C. Santos Ferrán,31786,Navarra,Moldova,129
170,Cuesta de Eladio Castañeda,47637,Pontevedra,Turkey,94
171,Via Melchor Valencia,50723,La Coruña,Romania,136
172,Pasadizo Marcelino Briones,50507,Cantabria,Taiwan,91
173,Glorieta de Lourdes Sáenz,46194,Córdoba,Madagascar,28
174,C. Sarita Verdugo,03233,Girona,Angola,1
175,Ronda de Plinio Pavón,22136,Ciudad,Liechtenstein,124
176,Urbanización de Lisandro Lobo,11232,Huelva,Norway,133
177,Cuesta Juanito Vidal,44944,Vizcaya,Brazil,186
178,Calle Luisa Buendía,22252,Castellón,Libya,27
179,Vial Noelia Bernat,30881,Huesca,Liberia,26
180,Ronda de Anastasia Pedrero,10874,Palencia,Hungary,119
181,Paseo Buenaventura Arnau,11418,Guipúzcoa,Uruguay,194
182,Via de Clemente Bosch,47091,Ciudad,San Marino,137
183,Pasadizo Ileana Carbonell,02440,Málaga,Sweden,142
184,Via de Candelario Zamora,39713,Soria,Dominica,154
185,C. Rubén Gisbert,45282,Badajoz,Namibia,35
186,Camino de Eutimio Lumbreras,25819,La Rioja,Laos,76
187,Ronda de Griselda Roca,32190,Navarra,Suriname,193
188,Urbanización de Cruz Jimenez,08908,Segovia,Afghanistan,54
189,Plaza Pío Aragón,45060,Navarra,Vatican City,146
190,Pasaje de Ileana Ferrando,09516,Santa Cruz de Tenerife,Liechtenstein,124
191,C. Priscila Sastre,36066,Palencia,Mozambique,34
192,Ronda de Aristides Colom,21268,Vizcaya,Serbia,138
193,Ronda de Febe Galvez,07552,Málaga,Moldova,129
194,Callejón de Wálter Alberdi,26332,La Rioja,Papua New Guinea,178
195,Glorieta de Paloma Portero,20071,Ourense,Gambia,19
196,Callejón Berta Revilla,50441,Vizcaya,Estonia,113
197,Pasaje Manola Espinosa,28231,Guadalajara,Tunisia,50
198,Calle Teobaldo Rosselló,45505,Ceuta,Nauru,175
199,C. Carla Morell,27017,Soria,Belgium,106
200,Avenida Lorenzo Ródenas,15782,Álava,Kenya,24
201,Paseo de Rosario Gallo,07811,León,Solomon Islands,180
202,Cañada de Calixto Sánchez,18794,Salamanca,Trinidad and Tobago,168
203,Via de Bernardita Pou,24726,Lugo,Ivory Coast,23
204,Camino Loreto Falcó,11635,Castellón,Luxembourg,126
205,Urbanización de Édgar Noriega,12286,Badajoz,Mongolia,80
206,Paseo de Sabas Casanova,23174,Badajoz,Latvia,123
207,Alameda Tadeo Angulo,02762,Sevilla,East Timor,62
208,Plaza Sandra Agustín,02026,Vizcaya,Suriname,193
209,Glorieta Carmela Peralta,42567,Teruel,Qatar,85
210,Ronda Calista Pastor,10467,Vizcaya,Bosnia and Herzegovina,107
211,Via Octavio Urrutia,38825,Zaragoza,Pakistan,83
212,Urbanización Curro Taboada,33158,Guipúzcoa,Central African Republic,8
213,Via de Modesta Pedraza,39758,Soria,Malta,128
214,C. Donato Rocamora,10085,Cáceres,Seychelles,41
215,Ronda de Nuria Mayo,42081,Pontevedra,Kazakhstan,71
216,Alameda de Cecilio Valero,38162,Soria,Botswana,3
217,C. Marisela Ros,18474,Badajoz,Guinea-Bissau,22
218,Pasaje Graciana Vigil,23336,Valladolid,Iraq,67
219,Via Rodolfo Blázquez,21938,Zamora,Swaziland,47
220,Via Aura Aranda,24352,La Rioja,Libya,27
221,Glorieta Gabriel Ortiz,41797,Baleares,New Zealand,176
222,Pasaje Valerio Pozo,41227,Lleida,Bahrain,55
223,Ronda de Bienvenida Amo,31646,Cáceres,Saudi Arabia,87
224,Plaza de Aníbal Luján,47049,Salamanca,Djibouti,13
225,Pasadizo de Encarnación Cuervo,22835,Madrid,Netherlands,132
226,Urbanización Brunilda Millán,33773,Guipúzcoa,Monaco,130
227,C. de Ana Sofía Valencia,28226,Cantabria,Samoa,179
228,Avenida de Sandra Prieto,04049,La Rioja,Democratic Republic of Congo,12
229,Urbanización Ruben Castrillo,16085,Valencia,Japan,69
230,Urbanización Felix Puerta,49513,Valladolid,Grenada,157
231,Rambla Juan Bautista Cáceres,23955,Teruel,Kenya,24
232,Calle de Pacífica Cánovas,22803,Ceuta,United Arab Emirates,96
233,Via Melisa Anglada,34242,Badajoz,Panama,164
234,Avenida Carlos Toledo,11809,Albacete,Canada,151
235,Camino Bernabé Colomer,33046,Lugo,Togo,49
236,C. Lourdes Verdú,22844,Asturias,South Korea,73
237,Cañada Maristela Mayoral,43373,Almería,Burma (Myanmar),59
238,Urbanización de Rufina Santamaría,43451,Salamanca,Iceland,120
239,Vial de Lope Hierro,06359,Jaén,Grenada,157
240,Urbanización de Oriana Meléndez,08456,Girona,Papua New Guinea,178
241,Cuesta de Ester Martorell,22783,Madrid,Guinea-Bissau,22
242,Cañada de Vilma Avilés,25756,Asturias,Costa Rica,152
243,Vial Claudio Belda,50874,Ciudad,Gambia,19
244,Avenida Jenny Pol,44647,Santa Cruz de Tenerife,Pakistan,83
245,Vial de Begoña Ávila,13463,Zamora,Zimbabwe,53
246,Ronda Tamara Villar,27778,Teruel,Belarus,105
247,Cañada Felicidad Sarmiento,10824,Huesca,Mali,30
248,Avenida de Gema Ureña,31782,Cuenca,Bulgaria,108
249,Acceso de Baldomero Soto,03482,Tarragona,Australia,170
250,Cuesta de Rodolfo Rocha,37873,Badajoz,Togo,49
251,Plaza Clotilde Valverde,46867,Valencia,India,64
252,Plaza de Pascuala Solsona,24382,Segovia,Liechtenstein,124
253,Pasadizo Federico Lluch,09586,Baleares,Bosnia and Herzegovina,107
254,Cuesta Eulalia Becerra,07766,Granada,Papua New Guinea,178
255,Pasaje Aristides Bonet,46840,Lugo,Djibouti,13
256,Alameda Damián Sanz,42037,La Coruña,Croatia,109
257,Avenida de Encarnita Peña,44568,Castellón,Mozambique,34
258,Cuesta Encarnacion Elorza,30009,Soria,Maldives,79
259,Glorieta Bárbara Noguera,23173,Lleida,Azerbaijan,104
260,Glorieta de María Pi,36737,Salamanca,Czechia,111
261,Plaza Loreto Zabala,34553,Alicante,Austria,103
262,Acceso Leire Ojeda,49226,Málaga,Croatia,109
263,Acceso de Ale Rozas,30054,La Rioja,Bulgaria,108
264,Pasadizo de Alexandra Puerta,02080,Ávila,North Korea,72
265,Pasadizo de Etelvina Falcó,06467,Las Palmas,United States,169
266,Camino Ibán Priego,03399,Toledo,Democratic Republic of Congo,12
267,Via Petrona Berenguer,43663,Almería,Eritrea,16
268,Glorieta Clemente Rivera,32504,Cádiz,Marshall Islands,173
269,Pasaje de Joan Carrera,33264,Lleida,Argentina,184
270,Callejón Amada Rivero,21997,Cáceres,France,115
271,Acceso de Lucho Marqués,17510,León,Nicaragua,163
272,Cuesta de Marita Esteban,42213,Asturias,Germany,117
273,Rambla Severo Lasa,03073,Zamora,Chad,9
274,Pasadizo de Evaristo Gonzalo,45931,Burgos,Mozambique,34
275,Vial Tamara Vilaplana,28946,Guipúzcoa,Nauru,175
276,Vial Nilo Jáuregui,49791,Cantabria,Andorra,101
277,Plaza de Aurelia Moreno,39122,Salamanca,Bolivia,185
278,Plaza de Pascual Mosquera,06280,Ciudad,Thailand,93
279,Vial de Nacho Gaya,43292,Navarra,Guinea,21
280,Pasaje de Benito Gallart,49965,Girona,Ethiopia,17
281,Ronda Marita Andrade,15129,Ceuta,Austria,103
282,Calle de Benjamín Enríquez,31873,Melilla,Bahrain,55
283,Callejón de Belén Núñez,10605,Zaragoza,Vanuatu,183
284,Callejón Olga Ribas,36344,Tarragona,Sri Lanka,89
285,Callejón Gabino Villalba,27081,Toledo,Colombia,188
286,Pasadizo Baltasar Isern,02797,Alicante,Qatar,85
287,Ronda de Juliana Maza,45412,Segovia,Maldives,79
288,Rambla de José Luis Vilar,01872,Segovia,Uzbekistan,97
289,Via Raúl Guzman,51733,Girona,Kazakhstan,71
290,Camino de Héctor Barberá,51794,Almería,Sri Lanka,89
291,Avenida de Modesta Cánovas,15865,Asturias,Vietnam,98
292,Avenida Samuel Valera,43491,Toledo,Senegal,40
293,Paseo de Agapito Escobar,31273,Santa Cruz de Tenerife,Tajikistan,92
294,Pasaje Úrsula Bonet,30531,Barcelona,Barbados,149
295,Rambla Espiridión Porras,16044,Lugo,Grenada,157
296,Cuesta Isabela Borja,02233,Ceuta,Antigua and Barbuda,147
297,Acceso de Alexandra Nuñez,10435,Albacete,Monaco,130
298,Via de Amando Marcos,40691,Jaén,Botswana,3
299,Cañada Wálter Agustín,41156,Ávila,Ghana,20
300,Via Evaristo Serna,22201,Pontevedra,Yemen,99
301,Paseo Samanta Arjona,22924,Burgos,Papua New Guinea,178
302,Ronda Jose Ramón Huguet,05596,La Coruña,Germany,117
303,Pasadizo de Roque Bonilla,06935,Huelva,Mongolia,80
304,Cuesta de Arcelia Olmedo,46073,La Rioja,Suriname,193
305,Vial de Nacho Iglesia,07768,Teruel,Romania,136
306,Cuesta Cecilio Moles,51955,Segovia,Jordan,70
307,Acceso Damián Ibarra,12790,León,Canada,151
308,C. Vidal Fonseca,02516,Madrid,South Sudan,45
309,Calle Adolfo Baños,05511,Zamora,Suriname,193
310,Via de Amancio Baeza,30530,Cantabria,Panama,164
311,Rambla de Eligio Merino,26288,Guadalajara,Cyprus,110
312,Callejón Pastor Bustos,42562,Murcia,Serbia,138
313,Avenida de Alfonso Aguilera,37703,Córdoba,Barbados,149
314,Via de Dafne Lladó,48746,Burgos,Cuba,153
315,C. de Porfirio Valderrama,11084,Ceuta,East Timor,62
316,Acceso Maxi Calatayud,20940,La Rioja,Vatican City,146
317,Acceso Merche Vega,42773,Navarra,Bosnia and Herzegovina,107
318,Acceso Maximino Calderón,31240,Vizcaya,Uzbekistan,97
319,Rambla de Fausto Navarrete,19912,Baleares,Peru,192
320,Via de Nicolás Bou,05019,Castellón,Pakistan,83
321,Cuesta de Macario Llano,24025,Cuenca,Slovenia,140
322,Ronda Chema Santana,41151,Almería,India,64
323,Via Gerardo Quintana,48796,Barcelona,Mexico,162
324,Rambla de Jennifer Céspedes,30562,Murcia,Jamaica,161
325,Camino de Mercedes Salvà,09104,Valladolid,United States,169
326,Pasadizo de Ámbar Moles,02296,Alicante,Honduras,160
327,Vial Paz Rojas,05524,Ávila,Comoros,10
328,Pasadizo Nicolás Gargallo,04131,Asturias,Benin,2
329,Callejón Rubén Sotelo,02780,Cantabria,Equatorial Guinea,15
330,Glorieta Virginia Agustín,49157,Valladolid,Ghana,20
331,Camino de Azeneth Verdú,50421,Ávila,Sudan,46
332,Acceso de Lilia Núñez,07447,Albacete,Luxembourg,126
333,Camino Apolonia Gallego,49849,Huelva,Zambia,52
334,Urbanización Ruperta Salazar,47142,Girona,Tanzania,48
335,Camino Ale Pi,50976,Cáceres,Nicaragua,163
336,Calle de Herberto Fajardo,43963,León,Gambia,19
337,Glorieta de Mariana Tudela,15522,Huesca,Ukraine,144
338,Camino de Cándida Pineda,07604,La Coruña,Trinidad and Tobago,168
339,Ronda de Paloma Grau,49715,Badajoz,Benin,2
340,Plaza Loreto Soler,41546,Jaén,Bolivia,185
341,Ronda Lucía Leal,15759,Pontevedra,Senegal,40
342,Cañada de Pánfilo Figuerola,02444,Barcelona,Canada,151
343,Acceso Elba Arnaiz,27220,Huelva,Sri Lanka,89
344,Urbanización Lucila Soria,40271,Huelva,Brazil,186
345,Rambla de Heraclio Samper,45875,Cuenca,Canada,151
346,Alameda Daniela Fernández,33222,Las Palmas,Egypt,14
347,C. Ale Flor,15066,Sevilla,Belgium,106
348,Plaza Wilfredo Amaya,05249,Huelva,Cameroon,6
349,Paseo Isabela Almazán,51950,Jaén,Oman,82
350,Rambla Vinicio Barberá,06412,Zaragoza,Uganda,51
351,Calle de Rosalía Sevillano,44977,Soria,Ivory Coast,23
352,Acceso Juan Ortiz,40526,Guadalajara,Turkmenistan,95
353,Urbanización Aurelio Bauzà,42068,Cantabria,Russia,86
354,Via Jerónimo Nadal,23268,Jaén,India,64
355,Urbanización de Amando Jaén,05327,Cádiz,Chad,9
356,Camino Eugenio Montenegro,37207,Baleares,Sudan,46
357,Pasadizo Flavia Matas,28944,Ciudad,United Arab Emirates,96
358,Rambla Seve Valentín,38765,Huelva,Jordan,70
359,Ronda Tito Zamora,30367,Álava,Guatemala,158
360,Pasaje de Alcides Lasa,24325,Asturias,Japan,69
361,Ronda de Narcisa Tamarit,23318,Melilla,Venezuela,195
362,Alameda Efraín Tejera,23666,Madrid,Central African Republic,8
363,Acceso de Severo Sebastián,11731,Ávila,Solomon Islands,180
364,Via de Cintia Ortuño,25641,Teruel,Ecuador,189
365,Callejón de Ramona Cobo,05715,Huelva,Monaco,130
366,Rambla Clotilde Molins,34198,La Rioja,Afghanistan,54
367,Via de Lidia Campos,47944,Albacete,Guatemala,158
368,Via Clímaco Rios,01966,Zamora,Zimbabwe,53
369,Plaza Consuelo Palau,40446,Pontevedra,Zambia,52
370,Urbanización de Isaías Casanova,14278,Teruel,Ghana,20
371,Rambla de Purificación Calderón,46390,Tarragona,Italy,122
372,Plaza Candelas Bastida,44690,Madrid,Belarus,105
373,Cuesta de Emigdio Figuerola,16019,Sevilla,Libya,27
374,Pasadizo Lidia Vazquez,36770,Ciudad,South Africa,44
375,Cuesta de Glauco Vilaplana,21668,Ourense,Saudi Arabia,87
376,Glorieta de Ileana Ribas,14048,Cuenca,Ukraine,144
377,Avenida de Ale Ortiz,34257,Zaragoza,Belgium,106
378,Pasadizo de Nieves Andreu,17825,Ourense,Maldives,79
379,Urbanización Luz Echevarría,07698,Vizcaya,Eritrea,16
380,C. Carmen Alfaro,06517,Almería,Nauru,175
381,Glorieta Sofía Bravo,08006,Valladolid,Armenia,102
382,Pasaje de Darío Escudero,45267,Tarragona,Indonesia,65
383,Plaza Javi Agustín,01038,Ciudad,Turkey,94
384,Calle Paco Vélez,51336,Granada,Chad,9
385,Calle de Nicodemo Casas,08520,Jaén,Saint Vincent and the Grenadines,167
386,Callejón Nadia Coll,11917,Zamora,Grenada,157
387,Paseo de Osvaldo Donoso,23246,Barcelona,Argentina,184
388,Paseo de Nuria Vazquez,18195,Ciudad,Yemen,99
389,C. Luis Parra,34932,Guipúzcoa,Belgium,106
390,Callejón de Geraldo Salazar,29634,Huesca,United Kingdom,145
391,Cañada Maximiano Solsona,47247,Pontevedra,Indonesia,65
392,Calle Elodia Arribas,51363,Santa Cruz de Tenerife,Turkmenistan,95
393,Alameda Carolina Ortiz,08027,Navarra,Nauru,175
394,Alameda de Bienvenida Mayo,13782,Ourense,San Marino,137
395,Callejón Inés Hoz,34912,La Coruña,Monaco,130
396,Vial Borja Palacios,15364,Badajoz,Vietnam,98
397,Cañada de Sabina Sobrino,12259,Pontevedra,Kazakhstan,71
398,Paseo de Visitación Pino,04773,Ciudad,Dominica,154
399,C. Luciana Gibert,34295,Granada,Marshall Islands,173
400,Via Tristán Hoyos,20195,Vizcaya,Tunisia,50
401,Acceso Jose Antonio Peña,13060,Cádiz,Bangladesh,56
402,Urbanización de Visitación Suárez,12985,Navarra,Azerbaijan,104
403,Urbanización de Hernando Baños,07676,Soria,Niger,36
404,Cañada Visitación Andreu,10098,Ciudad,Thailand,93
405,Pasaje Lorenza Rosa,43135,Lugo,Niger,36
406,Plaza de Domingo Saavedra,42241,Ceuta,Maldives,79
407,Calle de Toño Arteaga,11184,Asturias,Monaco,130
408,Via de Cristina Marti,25894,Granada,Portugal,135
409,Vial Epifanio Pi,03470,Jaén,Latvia,123
410,Urbanización Amado Feliu,20650,Castellón,Ukraine,144
411,Camino de Porfirio Bastida,26750,Valencia,Albania,100
412,Pasaje Ernesto Villegas,32271,Las Palmas,Burundi,5
413,Via Eusebia Donaire,26336,León,Dominican Republic,155
414,Calle de Paola Borrás,02844,Girona,Seychelles,41
415,Glorieta de Emiliano Cardona,38363,Albacete,Luxembourg,126
416,Cañada Toribio Murcia,30232,Zamora,Malaysia,78
417,Acceso Evangelina Uría,03702,Ciudad,Sudan,46
418,Acceso Ciriaco Arellano,35650,Burgos,Azerbaijan,104
419,Pasaje de Elpidio Reina,48819,Girona,Guatemala,158
420,Cañada de Maite Polo,25337,Soria,Russia,86
421,Rambla Bienvenida Díez,39519,Navarra,Cameroon,6
422,Camino Goyo Torrens,22033,Asturias,El Salvador,156
423,Glorieta Victoria Girón,21740,Albacete,Belize,150
424,Ronda Ibán Bermejo,38890,Vizcaya,Australia,170
425,Callejón de Olegario Jiménez,48270,Castellón,Kyrgyzstan,75
426,Pasaje Guillermo Rodríguez,43178,Cuenca,Iceland,120
427,Glorieta Florentina Franco,30655,Valladolid,Uganda,51
428,Cuesta Luis Miguel Almeida,23266,Pontevedra,Saint Kitts and Nevis,165
429,Vial de Inés Figueroa,32705,Ciudad,Macedonia,127
430,Vial de Emiliano Pera,09241,Burgos,Brazil,186
431,Rambla de Mireia Oliver,01386,Palencia,Iran,66
432,Plaza Víctor Torre,40648,Asturias,Hong Kong,63
433,Callejón de Amado Oliveras,10876,Guadalajara,North Korea,72
434,Plaza de Nando Boada,08345,Madrid,Indonesia,65
435,Acceso Martina Gil,48716,Vizcaya,Ecuador,189
436,Acceso de Iván Pérez,37545,Málaga,Benin,2
437,Urbanización de Manuela Gargallo,11148,Toledo,Mauritius,32
438,Glorieta de Magdalena Castrillo,08477,Badajoz,Uzbekistan,97
439,Avenida de Sol Verdugo,31882,Melilla,Azerbaijan,104
440,Avenida Gervasio Berenguer,24839,Asturias,Saudi Arabia,87
441,Camino de Edu Roda,05269,Teruel,Saint Lucia,166
442,Cuesta Estrella Corominas,39045,León,Samoa,179
443,Plaza de Encarna Bilbao,37941,Pontevedra,Gabon,18
444,Callejón de Calisto Bermudez,27713,Granada,Dominica,154
445,Glorieta de Jacobo Pol,33822,Teruel,Tanzania,48
446,Vial de Rufina Mercader,48654,Álava,Thailand,93
447,Glorieta Reyes Aguilar,35497,Tarragona,Cape Verde,7
448,Urbanización de Jose Manuel Neira,22285,Cantabria,Lebanon,77
449,Vial Cipriano Zamora,40652,Ciudad,Nauru,175
450,Avenida de Carmen Jiménez,16506,Ciudad,Honduras,160
451,Paseo Paco Duque,37801,Barcelona,Kenya,24
452,Urbanización de Guadalupe Mulet,14389,Cádiz,Cameroon,6
453,Pasaje Soraya Castro,51570,Castellón,Tonga,181
454,Cañada Vilma Bonilla,35537,Vizcaya,Nigeria,37
455,Rambla de Gerónimo Tamayo,07236,La Rioja,Jamaica,161
456,Pasaje de Rosendo Riquelme,01038,Málaga,Singapore,88
457,Urbanización Áurea Arnau,41897,Ciudad,Congo,11
458,Cañada Graciano Almazán,13990,Tarragona,Romania,136
459,Urbanización Emma Llabrés,43287,Pontevedra,Eritrea,16
460,Via de María Belén Godoy,40635,Valladolid,Grenada,157
461,Urbanización Armida Andrés,36785,Córdoba,South Korea,73
462,Paseo Piedad Haro,21251,Málaga,Namibia,35
463,Pasaje Silvio Oliver,16655,Cantabria,Brazil,186
464,Cañada de Gema Arnau,45324,Zaragoza,Micronesia,174
465,Plaza de Aureliano Capdevila,38246,Vizcaya,New Zealand,176
466,Cañada de Paloma Oliveras,07542,Segovia,Brunei,58
467,Pasadizo de Ariadna Marcos,06097,Burgos,Panama,164
468,Camino Raimundo Molina,46655,La Coruña,Botswana,3
469,Calle de Luis Ángel Marín,02877,Albacete,Malta,128
470,Camino Amílcar Cuesta,46809,Segovia,Nauru,175
471,Cuesta Leocadia Ramón,19979,Valencia,Latvia,123
472,Rambla de Blas Mascaró,42403,Cáceres,Moldova,129
473,Via de María Manuela Suárez,34481,Madrid,Seychelles,41
474,Callejón de Vanesa Milla,17943,Burgos,Solomon Islands,180
475,Paseo Agustín Llamas,48909,Girona,Slovakia,139
476,Rambla Esmeralda Pinilla,12575,Girona,Comoros,10
477,Avenida Mirta Cárdenas,25245,Lugo,Chile,187
478,Plaza Gerardo Quevedo,33567,Valencia,Central African Republic,8
479,C. de Gonzalo Vera,34114,León,Latvia,123
480,Glorieta Elpidio Sanmartín,40955,Albacete,Cambodia,60
481,C. de Genoveva Valcárcel,51647,Ourense,Qatar,85
482,Pasaje Berto Aragonés,07419,Vizcaya,Madagascar,28
483,Calle Rosario Sanchez,35977,Vizcaya,Greece,118
484,Rambla de María Del Carmen Camino,08686,Cantabria,East Timor,62
485,Paseo Rosario Velázquez,07907,Zaragoza,Ghana,20
486,Alameda de Josefa Bertrán,01205,La Rioja,Netherlands,132
487,Acceso de Macario Carreño,27691,Burgos,France,115
488,Alameda Raúl Giménez,10944,Sevilla,Antigua and Barbuda,147
489,Plaza Bautista Lluch,07088,Asturias,Comoros,10
490,Vial de Aurelia Crespo,24905,Ciudad,Senegal,40
491,Via de Manola Pina,33948,Vizcaya,Somalia,43
492,Alameda de Iris Pujol,35220,Zamora,Ireland,121
493,Pasadizo Carmina Pera,39646,Castellón,Eritrea,16
494,Avenida de Apolinar Cardona,24598,Cádiz,Germany,117
495,Acceso de Abilio Company,05156,La Coruña,Paraguay,191
496,Pasadizo de Alejandra Alonso,38618,Las Palmas,Ecuador,189
497,Via de Imelda Capdevila,25608,Soria,Lebanon,77
498,Vial Teo Rius,35363,Huelva,Kenya,24
499,Ronda de Gilberto Prats,12829,Lugo,Colombia,188
500,Glorieta de Tito Miranda,42589,Las Palmas,Equatorial Guinea,15
501,Plaza Gabino Rivero,38337,Granada,Jordan,70
502,Pasadizo Jose Francisco Carbonell,31840,Girona,Nicaragua,163
503,Pasadizo de Teodoro Sarmiento,25239,La Coruña,Fiji,171
504,C. Dalila Gárate,29753,Palencia,Burkina,4
505,Calle de Marisela Tur,13644,Navarra,San Marino,137
506,Paseo de Adán Mendez,21038,Sevilla,Philippines,84
507,Urbanización de Loreto Rocamora,15906,Guipúzcoa,Malaysia,78
508,Urbanización de Nydia Becerra,42500,Ciudad,South Korea,73
509,Camino Benita Lasa,31636,Castellón,Netherlands,132
510,Callejón Dorotea Castro,30690,Cáceres,Armenia,102
511,Paseo Timoteo Francisco,21461,Toledo,Malaysia,78
512,Vial Carmelita Barroso,49282,Sevilla,Cape Verde,7
513,Urbanización Francisca Báez,21571,Valladolid,Comoros,10
514,Via de Lina Llorens,14953,Badajoz,Dominica,154
515,C. Azucena Figueroa,11271,Burgos,Fiji,171
516,Glorieta de Begoña Balaguer,50408,Palencia,Albania,100
517,Urbanización Borja Barral,44839,Álava,Serbia,138
518,Rambla Santos Saura,10342,Salamanca,Marshall Islands,173
519,Glorieta de José María Mateo,04971,Murcia,Venezuela,195
520,Cuesta de Wálter Abad,22406,Córdoba,Macedonia,127
521,Glorieta Apolinar Iriarte,12692,Toledo,Central African Republic,8
522,Pasaje de Marc Reyes,41438,La Coruña,Bolivia,185
523,Pasadizo Tadeo Cabrero,08752,Tarragona,Bulgaria,108
524,Vial de Horacio Díaz,37770,Sevilla,Hungary,119
525,Rambla de Micaela Cuesta,23077,Cádiz,Antigua and Barbuda,147
526,Urbanización de Darío Fonseca,07054,Málaga,Montenegro,131
527,Alameda de Agustín Olmedo,23636,La Rioja,Benin,2
528,Calle Onofre Lerma,09753,Melilla,Gabon,18
529,Paseo Rómulo Barberá,10919,Córdoba,Guinea-Bissau,22
530,Cañada de Jesús Torrecilla,01639,Cáceres,Haiti,159
531,Avenida Emigdio Espada,38990,Valladolid,Bolivia,185
532,Pasaje de Manu Pizarro,39342,Alicante,Eritrea,16
533,C. de Venceslás Rincón,33184,Ourense,San Marino,137
534,C. Sancho Corominas,15322,Salamanca,United Arab Emirates,96
535,Plaza Maricela Tomé,05544,Las Palmas,Kyrgyzstan,75
536,Rambla Ileana García,13869,Tarragona,Israel,68
537,Plaza de Inés Huerta,44059,Ceuta,Gambia,19
538,Via de Rosenda Salinas,22131,Alicante,Somalia,43
539,Glorieta de Trini Roldán,07884,Badajoz,Burkina,4
540,Camino Brunilda Pi,35690,Santa Cruz de Tenerife,Saudi Arabia,87
541,Camino Alonso Elorza,48132,Ávila,Andorra,101
542,Cañada Wálter Viana,12613,Tarragona,Solomon Islands,180
543,Rambla Eva María Egea,36869,Huelva,Denmark,112
544,Cañada Héctor Tur,36992,Valencia,Djibouti,13
545,Cañada de Lupe Meléndez,07528,Ávila,Congo,11
546,Pasaje de Juan Cabrera,23254,Burgos,Benin,2
547,Rambla Faustino Exposito,34806,Teruel,Israel,68
548,Plaza Omar Azcona,15014,Soria,Peru,192
549,Glorieta de Lucho Artigas,41979,Albacete,Vanuatu,183
550,Alameda Arturo Álamo,26296,Melilla,China,61
551,Plaza de Trinidad Calderon,47692,Toledo,Sudan,46
552,Cañada Estela España,32799,Guadalajara,Botswana,3
553,Alameda de Salomé Duque,08507,Castellón,Maldives,79
554,Alameda Roberta Laguna,06157,Zamora,Burkina,4
555,Pasadizo Adolfo Vazquez,43264,Guadalajara,Saint Lucia,166
556,Acceso de Norberto Albero,22796,Alicante,El Salvador,156
557,Pasaje Cebrián Gálvez,11480,Badajoz,Sweden,142
558,Paseo de Damián Amaya,34357,Huesca,Latvia,123
559,Rambla de María Del Carmen Salvà,51016,Córdoba,Burkina,4
560,Rambla de Marina Macías,05765,Teruel,Bahamas,148
561,Via de Macarena Villaverde,04665,La Coruña,East Timor,62
562,Paseo Luna Barón,17057,Ciudad,Venezuela,195
563,Alameda Amelia Cañellas,42857,Zaragoza,Syria,90
564,Alameda de Lucho Galán,24892,Lugo,Bulgaria,108
565,C. de Néstor Córdoba,32467,Zamora,Hungary,119
566,Pasadizo de Ariel Pelayo,50255,Soria,Poland,134
567,Rambla Reina Almeida,39682,Ciudad,Antigua and Barbuda,147
568,Cañada de Félix Barco,23545,Zamora,Ghana,20
569,Urbanización de Plácido Menéndez,01391,Granada,Bhutan,57
570,Via de Nieves Mercader,14960,Zamora,Swaziland,47
571,Avenida Maximiliano Bermejo,08074,Huelva,Japan,69
572,Camino Iker Exposito,16508,Huesca,Rwanda,38
573,Rambla de Priscila Olivé,25177,Málaga,Costa Rica,152
574,Calle Nicolasa Gomila,10766,Girona,Ivory Coast,23
575,Avenida de Paloma Alemany,33983,Tarragona,San Marino,137
576,Urbanización de Emperatriz Sala,03859,Zaragoza,Saudi Arabia,87
577,Cañada Jordi Trillo,36836,Burgos,Armenia,102
578,Acceso de María Dolores Salvador,01815,Zamora,Uzbekistan,97
579,C. Emma Fuster,08026,Guadalajara,Croatia,109
580,Rambla Paz Pla,09804,Zamora,Turkmenistan,95
581,C. Angelino Jara,10329,Barcelona,Albania,100
582,Alameda de Rodrigo Naranjo,31212,Ciudad,Austria,103
583,Rambla Salomón Morales,37021,Murcia,Kenya,24
584,Via de Édgar Estévez,06086,Granada,Vatican City,146
585,Urbanización de Pablo Lucas,45671,Huesca,Colombia,188
586,Plaza de Horacio Sanmartín,27682,Albacete,Slovenia,140
587,C. Benita Murillo,46397,Málaga,Comoros,10
588,Rambla de Macarena Ibáñez,20953,Madrid,Costa Rica,152
589,Cañada Pancho Mínguez,28500,Teruel,Ecuador,189
590,Callejón de Luis Medina,42737,Castellón,Zimbabwe,53
591,Pasadizo Amada Herrero,36232,Sevilla,Mauritania,31
592,Alameda María Belén Gisbert,14682,Sevilla,Monaco,130
593,Callejón de Manuela Vendrell,06750,Albacete,United States,169
594,Paseo de Marisela Guerra,17042,Valladolid,Uganda,51
595,Alameda de Chus Herrero,45290,Cádiz,Djibouti,13
596,Pasadizo Dani Escudero,14655,León,Paraguay,191
597,Avenida Julián Bosch,46966,Cantabria,Hong Kong,63
598,Camino Emigdio Ferrando,36630,Soria,Canada,151
599,Glorieta de Virgilio Reyes,35110,Cáceres,Iceland,120
600,Callejón de Jenaro Recio,42028,Huesca,Thailand,93
601,Acceso de Petrona Nicolás,29791,Cantabria,Guinea,21
602,Acceso Elba Checa,05222,Valladolid,Ethiopia,17
603,Glorieta de Otilia Solano,13270,Salamanca,Saudi Arabia,87
604,Rambla de Gonzalo Calleja,15275,Teruel,Guinea,21
605,Camino de Evita Revilla,11917,Murcia,Ghana,20
606,Cuesta Jose Carlos Donaire,22534,Zaragoza,Haiti,159
607,Alameda de Consuela Gallardo,07481,Asturias,Gambia,19
608,Alameda Sofía Fuster,32909,Almería,Cambodia,60
609,Pasadizo Casandra Carretero,24218,Ceuta,Montenegro,131
610,Acceso Olivia Perelló,29744,Cantabria,Ethiopia,17
611,Alameda Trini Valenciano,17195,Ávila,Lesotho,25
612,Paseo de Luís Perelló,10575,Albacete,Brunei,58
613,Pasadizo de Cristina Escrivá,35464,Lleida,Morocco,33
614,Camino Bautista Garcés,51316,Toledo,Ireland,121
615,C. Natalia Tomé,12543,Lugo,Tunisia,50
616,Ronda Godofredo Pareja,29528,Alicante,North Korea,72
617,Cuesta Benita Cerezo,21305,Castellón,Poland,134
618,Callejón Teodora Grau,51963,Cádiz,Tajikistan,92
619,Ronda Paco Sáenz,43483,Barcelona,Liberia,26
620,Cuesta Amancio Rojas,25610,Baleares,Trinidad and Tobago,168
621,Urbanización Jose Miguel Llabrés,09886,Girona,Uganda,51
622,Plaza de Tere Belmonte,33120,Melilla,Hong Kong,63
623,Acceso de Visitación Cervantes,05820,Burgos,New Zealand,176
624,Cañada Inocencio Borrego,12466,Toledo,Uruguay,194
625,Cuesta de Lupe Prado,39716,Girona,Senegal,40
626,Camino Miguel Ángel Nevado,44368,Castellón,Lesotho,25
627,Calle Ciriaco Meléndez,16436,Soria,Monaco,130
628,Vial Cintia Goicoechea,20133,León,South Africa,44
629,Pasaje de Casandra Collado,09805,Lleida,Costa Rica,152
630,Vial Teresita Arellano,18841,Cantabria,Dominican Republic,155
631,Cañada de Candela Mancebo,26857,Ourense,Netherlands,132
632,Glorieta de Ismael Cortés,41851,Valencia,Taiwan,91
633,Pasaje de Blas Roselló,15750,Ciudad,Honduras,160
634,Urbanización de Nando Miralles,24231,Málaga,Iraq,67
635,Pasaje de Elisabet Prats,08599,Cuenca,Tuvalu,182
636,Via de Atilio Blázquez,10601,Madrid,Cambodia,60
637,Glorieta de Alexandra Amorós,09417,Lugo,Madagascar,28
638,C. Ignacia Elorza,21624,Palencia,Indonesia,65
639,Avenida Cornelio Benavides,47397,Salamanca,Uruguay,194
640,Ronda Claudia Benavente,11818,Barcelona,Germany,117
641,Pasadizo Bernardino Barral,12268,Tarragona,Zimbabwe,53
642,Avenida de Efraín Piquer,32893,Alicante,Ghana,20
643,Calle de Hernán Amigó,25476,Jaén,Suriname,193
644,Callejón de Gregorio Puente,11638,León,Jordan,70
645,Glorieta Artemio Zapata,36571,Baleares,Hungary,119
646,Acceso Florentina Pereira,51604,Burgos,Tunisia,50
647,Rambla de Olivia Prado,40064,Albacete,United Kingdom,145
648,Urbanización Eva Pineda,22618,Segovia,Singapore,88
649,Cuesta Teodosio Patiño,24830,Jaén,Dominica,154
650,Calle Silvio Prada,50789,Pontevedra,Cambodia,60
651,Ronda Silvio Montero,36061,Salamanca,Burundi,5
652,Acceso Ruperta Ramos,05342,Badajoz,Solomon Islands,180
653,Cuesta de Tiburcio Gomila,11722,Las Palmas,Bolivia,185
654,Camino Teobaldo Ibañez,20385,Córdoba,Nigeria,37
655,Cuesta Luisa Ródenas,28794,Valencia,Australia,170
656,Calle Jose Carlos Sanjuan,20299,Málaga,El Salvador,156
657,Rambla Loida Fábregas,24953,Badajoz,Libya,27
658,Acceso de Liliana Requena,40953,Ourense,Mali,30
659,Via de Elvira Tudela,46839,Pontevedra,Mozambique,34
660,Cañada Marcelo Cuervo,37310,Zaragoza,Uganda,51
661,Plaza de Ismael Valenciano,44183,Córdoba,Mali,30
662,Glorieta Julio César Dalmau,03195,Jaén,Turkmenistan,95
663,Calle de Miguela Viana,44840,Almería,New Zealand,176
664,Callejón Juan Luis Cornejo,45570,Alicante,Jordan,70
665,Vial de Eufemia Moll,15353,Cuenca,Gabon,18
666,Paseo Cristian Casas,10710,Pontevedra,Nicaragua,163
667,Urbanización de Fidel Moles,16821,Jaén,Angola,1
668,Cañada de Nazaret Meléndez,22948,Vizcaya,Rwanda,38
669,Via de Onofre Abellán,30511,Jaén,Azerbaijan,104
670,Via de Herminia Bustamante,20509,Ourense,United States,169
671,Via Alberto Guzman,27805,Segovia,Paraguay,191
672,Avenida Florencio Dueñas,09208,Pontevedra,Latvia,123
673,Camino Sonia Azorin,10483,Las Palmas,United Kingdom,145
674,Avenida de Teodoro Palmer,17780,Jaén,Trinidad and Tobago,168
675,Urbanización de Charo Colom,31568,Guadalajara,South Africa,44
676,Rambla Flora Dueñas,51810,Sevilla,Bahamas,148
677,Vial de Bernabé Zurita,45386,La Rioja,Bolivia,185
678,Paseo Marita Sanz,11861,Navarra,Andorra,101
679,Cuesta de Carlito Arrieta,48975,Ceuta,Canada,151
680,Urbanización Victor Manuel Sánchez,03620,Zaragoza,Mauritius,32
681,Callejón de Ana Sofía Mancebo,38989,Teruel,Eritrea,16
682,Urbanización de Abigaíl Aguilera,11961,La Rioja,Bolivia,185
683,Cañada de Víctor Leiva,06644,Castellón,Cameroon,6
684,Plaza de Belen Jaén,07234,Pontevedra,Netherlands,132
685,C. de Guadalupe Solsona,26462,Santa Cruz de Tenerife,Comoros,10
686,Camino Calisto Heredia,19365,Almería,Tuvalu,182
687,Pasaje de Armida Gomila,42846,Málaga,Nigeria,37
688,Callejón Teo Perales,15180,Santa Cruz de Tenerife,Argentina,184
689,Urbanización Marisa Company,27829,Almería,Marshall Islands,173
690,Rambla Joel Mercader,12247,Lugo,Nicaragua,163
691,Acceso de Adelina Montserrat,51765,Valladolid,Dominica,154
692,Pasaje de Baudelio Correa,19217,Sevilla,Cyprus,110
693,Paseo de Salud Lledó,28846,Huesca,San Marino,137
694,Avenida Primitiva Sureda,32861,Guipúzcoa,Rwanda,38
695,Calle de Emma Duran,12486,Guadalajara,Antigua and Barbuda,147
696,Paseo de Miguel Ángel Guzmán,14949,Burgos,Comoros,10
697,Acceso Balduino Barriga,08591,Girona,Lithuania,125
698,Plaza de Marina Crespo,40962,Teruel,United Arab Emirates,96
699,Via de Celestino Caparrós,41960,Málaga,Tunisia,50
700,Vial Febe Rueda,29573,Asturias,Mozambique,34
701,Via Felisa Seguí,42118,Ceuta,Latvia,123
702,C. de Nereida Villalba,19269,Tarragona,Algeria,0
703,Vial Andrea Benavent,49024,Jaén,Malta,128
704,Rambla Jose Ignacio Jerez,28538,Huesca,Sierra Leone,42
705,Callejón de María Dolores Cuervo,31921,Granada,Cambodia,60
706,Vial Marco Simó,37986,Huelva,Chile,187
707,Paseo de Samuel Alberola,14401,La Coruña,Kazakhstan,71
708,Paseo Melisa Segovia,20547,Cádiz,Macedonia,127
709,Alameda Jimena Escudero,29888,Albacete,Iceland,120
710,Pasadizo de Marcelino Gilabert,07757,Sevilla,Singapore,88
711,Calle de María Dolores Cámara,10110,Sevilla,Saint Kitts and Nevis,165
712,Calle Gabino Arce,04342,Sevilla,Israel,68
713,Calle Elena Padilla,46416,Pontevedra,Lesotho,25
714,Rambla Simón Bermejo,07360,Palencia,Eritrea,16
715,Rambla Judith Pomares,42531,Soria,Netherlands,132
716,Calle de Amor Quintana,39979,Barcelona,Slovenia,140
717,Alameda Fidela Martínez,33608,Melilla,Zambia,52
718,Ronda de Edelmiro Cazorla,08098,León,United States,169
719,Cañada de Olga Bermejo,22392,Soria,Andorra,101
720,Alameda de Gregorio Ramos,26968,Málaga,Spain,141
721,Cuesta Toño Solé,31957,La Coruña,Guatemala,158
722,Urbanización Josefina Saura,13409,Ciudad,Palau,177
723,Calle de Mirta Gascón,11819,Baleares,Bolivia,185
724,Cuesta de Osvaldo Amores,42154,Cantabria,Bosnia and Herzegovina,107
725,Via Amparo Gonzalo,29818,Zaragoza,Lithuania,125
726,Ronda de Jose Manuel Carnero,49672,Zamora,Japan,69
727,Alameda Jordán Rodríguez,48624,Zamora,Samoa,179
728,Vial de Conrado Iñiguez,26442,Córdoba,Botswana,3
729,Paseo de Ester Novoa,24575,Madrid,Austria,103
730,Camino de Urbano Milla,04733,Cantabria,Oman,82
731,Rambla de José Luis Rodriguez,19840,Huelva,Honduras,160
732,Glorieta Heliodoro Sosa,05625,Baleares,Mongolia,80
733,Acceso de Marcelo Colom,06841,Ourense,Panama,164
734,Cañada Marcia Guillén,16067,Baleares,Namibia,35
735,Cuesta de Montserrat Carretero,33909,Almería,Turkmenistan,95
736,Calle Curro Balaguer,51541,Las Palmas,Slovenia,140
737,Pasadizo de Luisina Saura,36551,Córdoba,Bulgaria,108
738,Glorieta Consuelo Barberá,50603,Badajoz,Afghanistan,54
739,Calle de Isaura Abril,48749,Cuenca,Japan,69
740,Calle de Rufina Pazos,32652,Navarra,Uzbekistan,97
741,Ronda Candela Mascaró,27941,Albacete,Gabon,18
742,Paseo Manu Maldonado,19639,Zaragoza,Marshall Islands,173
743,Acceso de Dorita Anglada,33990,Guadalajara,Benin,2
744,Camino de Vanesa Madrid,11234,Valladolid,Iceland,120
745,Camino Juliana Garzón,42041,Las Palmas,Israel,68
746,Acceso de Amor Verdejo,43416,Barcelona,Uruguay,194
747,Pasaje de Vera Lobo,14772,La Coruña,United Arab Emirates,96
748,Camino Vilma Landa,05339,Ourense,Cambodia,60
749,Via de Juan José Barreda,20612,Albacete,Algeria,0
750,Rambla Luis Ángel Ródenas,41277,Zaragoza,Fiji,171
751,Paseo de Vasco Martinez,17720,Almería,Rwanda,38
752,Urbanización Candelaria Montalbán,39900,Vizcaya,Saint Vincent and the Grenadines,167
753,Urbanización de Flora Tudela,37468,Albacete,Belgium,106
754,Pasadizo de Humberto Bolaños,11264,Jaén,Burkina,4
755,Ronda Quirino Alcaraz,38323,Sevilla,Thailand,93
756,Callejón Eugenia Valle,32864,Valencia,Yemen,99
757,Pasadizo Corona Téllez,16713,Cádiz,India,64
758,Camino de Mayte Quiroga,15831,Granada,Malawi,29
759,Pasaje de Marcia Fábregas,22427,Guadalajara,Moldova,129
760,Via Hector Benavides,25941,Granada,Ivory Coast,23
761,Cuesta de Judith Gutiérrez,43105,Pontevedra,Suriname,193
762,Acceso de Jennifer Alcalde,06448,Melilla,Antigua and Barbuda,147
763,Urbanización Feliciana Barriga,44529,Navarra,Mauritius,32
764,Urbanización de Miguela Valls,18564,Murcia,Antigua and Barbuda,147
765,Rambla Valerio Briones,45220,Valencia,Mongolia,80
766,Pasaje Carmen Sanabria,02472,Melilla,Guatemala,158
767,Alameda Fabricio Santana,29871,Melilla,Tuvalu,182
768,Paseo Régulo Martorell,38688,Granada,Saint Lucia,166
769,Glorieta de Jovita Chaves,01600,Granada,South Africa,44
770,Acceso María Pilar Bejarano,02283,Tarragona,Tajikistan,92
771,Acceso Valero Acuña,11593,Albacete,Thailand,93
772,Pasadizo de Florencio Ponce,31363,Soria,Ivory Coast,23
773,Callejón Severo Leiva,39117,Cuenca,Bahrain,55
774,Plaza de Chus Ferrández,32881,Santa Cruz de Tenerife,Pakistan,83
775,Vial de Marisa Borja,43854,Ciudad,Cameroon,6
776,C. Ibán Ibañez,26320,La Rioja,Mauritania,31
777,Cañada Casandra Cazorla,23803,Cádiz,Russia,86
778,Cañada de Bernardino Álvaro,12774,Zamora,Syria,90
779,Callejón Luciano Arnal,41559,Navarra,Mexico,162
780,Urbanización Laura Rico,43336,Las Palmas,Morocco,33
781,Alameda Toño Arrieta,50072,Valladolid,Mexico,162
782,Camino Benita Rocamora,27353,Málaga,Dominica,154
783,Paseo Maricela Pedrero,06541,Málaga,Belarus,105
784,Acceso de Rosario Tomás,44480,Las Palmas,Jamaica,161
785,Pasaje Caridad Benavente,47731,Madrid,Rwanda,38
786,Cañada de Paola Vallés,46744,Salamanca,Afghanistan,54
787,Urbanización Severiano Cortina,14392,Albacete,Uruguay,194
788,Paseo de Sosimo Escamilla,22755,Palencia,Greece,118
789,Paseo de Mamen Olmo,03512,Toledo,Kenya,24
790,Urbanización de José Luís,27777,Valencia,Bolivia,185
791,Acceso de Óscar Lumbreras,28644,Cáceres,Belgium,106
792,Avenida de Florina Moreno,22833,Salamanca,Dominican Republic,155
793,Vial de Baltasar Gimeno,48416,Navarra,Albania,100
794,Acceso de Paloma Aguado,09157,Valencia,Antigua and Barbuda,147
795,Acceso de Aitana Santamaria,47808,Salamanca,Ireland,121
796,Pasadizo Maximiliano Guerrero,18287,Segovia,Trinidad and Tobago,168
797,Glorieta de Adoración Portero,08807,Lugo,Mozambique,34
798,Plaza de Ceferino Pomares,23718,Valladolid,Vietnam,98
799,Acceso Lázaro Leal,14264,Tarragona,Malawi,29
800,C. Belén Pons,09530,Salamanca,Russia,86
801,Camino de Sara Manzano,32451,Soria,Solomon Islands,180
802,Plaza de Nicanor Andres,15002,Las Palmas,Costa Rica,152
803,Pasaje de Natalio Suárez,07151,Almería,Australia,170
804,Cuesta Benjamín Azcona,14408,León,Bhutan,57
805,Callejón de Jose Manuel Larrea,10521,Girona,Montenegro,131
806,Rambla de María Dolores Casares,06032,Ceuta,Barbados,149
807,C. Palmira Salas,43549,Valladolid,Azerbaijan,104
808,Via Carmelo Gibert,11345,Álava,Saint Lucia,166
809,Glorieta de África Galindo,24990,Huesca,Belarus,105
810,Calle Cirino Giner,49759,Soria,Saint Vincent and the Grenadines,167
811,C. de Margarita Casal,33155,Pontevedra,Tunisia,50
812,Pasaje Amador Marti,07251,Almería,Slovenia,140
813,Acceso Lope Linares,12568,Córdoba,Kenya,24
814,C. de Ainara Valcárcel,42524,Sevilla,Macedonia,127
815,Ronda Catalina González,16807,Zaragoza,Samoa,179
816,Paseo Florinda Mármol,17532,Ceuta,Cambodia,60
817,Glorieta Luciano Ballester,09389,Almería,Andorra,101
818,Cañada de Ariadna Quirós,21391,Córdoba,Mauritius,32
819,Alameda de Efraín Estevez,31535,Valencia,Sweden,142
820,Paseo de Severiano Vaquero,12843,Teruel,Philippines,84
821,Camino de Marina Alcázar,20030,Teruel,Andorra,101
822,Ronda de Purificación Piñol,48882,Badajoz,Algeria,0
823,Pasaje de Cornelio Leon,07116,Castellón,Solomon Islands,180
824,Acceso de Eusebio Priego,35978,Badajoz,Somalia,43
825,Vial Ruth Cuervo,11461,Navarra,Brunei,58
826,Urbanización de Jose Casal,01316,Ciudad,Montenegro,131
827,Vial Pío Barrera,43415,Navarra,Nepal,81
828,Avenida de Federico Hierro,18468,Álava,Peru,192
829,Ronda de Vasco Moles,49304,Madrid,Namibia,35
830,Alameda de Reyes Villegas,49572,Burgos,Bahamas,148
831,Urbanización Camila Cerro,24705,Navarra,Sudan,46
832,Pasadizo Pacífica Vall,01192,Salamanca,Micronesia,174
833,Plaza Eloísa Heras,40224,Jaén,China,61
834,Alameda Zoraida Iglesia,27275,Cáceres,Iraq,67
835,Cañada Dora Aguado,24290,Vizcaya,Seychelles,41
836,Glorieta de Amor Ballesteros,43040,Navarra,Sierra Leone,42
837,Plaza de Graciana Sevillano,48027,Toledo,Cape Verde,7
838,Paseo Elba Espinosa,36244,Huelva,South Korea,73
839,Cuesta de Eligia Castilla,25692,Salamanca,Samoa,179
840,Urbanización de Eva María Roca,03703,Barcelona,Senegal,40
841,Urbanización Anunciación Patiño,24577,Vizcaya,Guyana,190
842,Vial de Alejandra Salas,20404,Badajoz,Syria,90
843,Glorieta de José Mari Valbuena,51579,Lugo,Saint Vincent and the Grenadines,167
844,Urbanización Bernabé Gordillo,07465,Valencia,Malta,128
845,Callejón Benigna Millán,11383,Cádiz,United States,169
846,Avenida Ligia Larrea,11431,Teruel,Albania,100
847,Avenida Vicente Cánovas,30501,Asturias,United Kingdom,145
848,Pasaje Cristóbal Bru,21752,Huelva,Croatia,109
849,Rambla Teófilo Torre,34908,Alicante,Dominican Republic,155
850,Callejón de Pascuala Cantón,10944,Granada,Burma (Myanmar),59
851,Rambla Pepito Cueto,15888,Lugo,Paraguay,191
852,Calle Saturnino Arellano,14560,Asturias,Vanuatu,183
853,Cañada de Nicolasa Pomares,13545,Valencia,Indonesia,65
854,Avenida Simón Almansa,45417,Cuenca,Togo,49
855,Cañada de Lupe Gallart,48280,Zaragoza,Portugal,135
856,C. Silvestre Clavero,47839,Valencia,Solomon Islands,180
857,Callejón de Claudia Mayoral,18039,Teruel,France,115
858,Cañada Manuel Balaguer,19216,Huesca,Trinidad and Tobago,168
859,Camino Bárbara Pons,37432,Murcia,Lithuania,125
860,Avenida Bernardita Camino,39859,Segovia,Burkina,4
861,Avenida Nilda Domingo,22367,Pontevedra,Eritrea,16
862,Alameda de Emilia Bejarano,35827,Burgos,Norway,133
863,Vial Juan Fabregat,17989,Baleares,Guyana,190
864,Calle Vidal Villanueva,22057,Palencia,Suriname,193
865,Pasadizo Ángel Gallardo,33937,Almería,Lithuania,125
866,Rambla Natalia Nicolás,50712,Pontevedra,Netherlands,132
867,Alameda de Herberto Cases,23057,Ávila,Dominican Republic,155
868,Via de Paloma Morell,31991,Valladolid,Uganda,51
869,Alameda Marisol Riba,19543,Melilla,Mauritius,32
870,Avenida Néstor Aguiló,18578,Zamora,Dominica,154
871,Pasadizo de María Jesús Alemany,15375,Salamanca,Malaysia,78
872,Alameda de Paola Teruel,32333,Las Palmas,United Kingdom,145
873,Plaza de Dani Francisco,38504,Teruel,Bulgaria,108
874,Urbanización Gloria Vázquez,44845,Asturias,Afghanistan,54
875,Rambla Rafael Borrás,32302,Lugo,Iceland,120
876,Pasadizo Lucio Campoy,19953,Burgos,India,64
877,Cañada de León Campos,02376,Burgos,Malta,128
878,Acceso Calixto Baró,22122,Jaén,Netherlands,132
879,C. Jacinta Enríquez,03659,Zamora,Palau,177
880,Glorieta de Norberto Tejero,26182,Tarragona,Djibouti,13
881,Ronda Manuel Julián,08217,Córdoba,Samoa,179
882,Callejón Ofelia Arenas,14116,Huelva,Djibouti,13
883,Acceso Dan Domingo,14947,Murcia,Namibia,35
884,Avenida de Victor Manuel Leiva,31576,Granada,Malawi,29
885,Vial de Azeneth Rebollo,40003,Badajoz,Comoros,10
886,Cuesta José Ángel Medina,29722,Lleida,China,61
887,Plaza de Dafne Pelayo,45555,Madrid,Papua New Guinea,178
888,Acceso Fabio Morata,24203,Vizcaya,China,61
889,Cañada de Pastor Vigil,27100,Cáceres,India,64
890,Alameda Jose Ignacio Raya,10453,Badajoz,Finland,114
891,Via de Carina Roldán,47959,La Rioja,Sierra Leone,42
892,Pasadizo de Víctor Francisco,10797,Baleares,Brunei,58
893,Ronda Emiliano Chacón,24922,Teruel,Somalia,43
894,Cañada Eutimio Arcos,43120,Madrid,Sri Lanka,89
895,Urbanización de Rafaela Estévez,22639,Salamanca,Spain,141
896,Calle de Florentina Castañeda,17781,Zamora,Hong Kong,63
897,Avenida Galo Trujillo,44131,Vizcaya,Argentina,184
898,Acceso Lupita Alberto,31872,Cádiz,Jamaica,161
899,Alameda Federico Mate,17902,Salamanca,Hungary,119
900,Plaza de Federico Aliaga,09833,Las Palmas,Croatia,109
901,Acceso Noelia Bermúdez,46558,Almería,Belarus,105
902,Acceso Jessica Varela,03361,Palencia,Nepal,81
903,Cuesta de Juan José Figueroa,44193,Valencia,Ecuador,189
904,Alameda de Paulina Fuster,48761,Guadalajara,Finland,114
905,C. Encarnacion Cuenca,19359,Murcia,Bolivia,185
906,Paseo de Cesar Ayllón,42594,Navarra,Uzbekistan,97
907,Urbanización de Olegario Llorente,29492,Huesca,Ethiopia,17
908,Glorieta Rómulo Escribano,21184,Guipúzcoa,Liechtenstein,124
909,Ronda de Régulo Catalá,14353,Las Palmas,Belgium,106
910,Alameda Bartolomé Prada,11180,Asturias,Laos,76
911,Paseo de Esperanza Gracia,20636,Zaragoza,Palau,177
912,Alameda Octavio Segarra,13659,Sevilla,Belgium,106
913,Cañada de Segismundo Menéndez,10670,Segovia,Samoa,179
914,Alameda Luis Castells,06424,Cuenca,Ecuador,189
915,Rambla Clemente Lopez,40281,La Coruña,Netherlands,132
916,Cañada Reyna Osuna,39786,Guadalajara,Saudi Arabia,87
917,Callejón de Ale Palacio,24777,Salamanca,Luxembourg,126
918,Camino Corona Blanco,06643,La Rioja,Eritrea,16
919,Avenida Dulce Navas,45611,Lleida,Seychelles,41
920,Rambla Teo Sevilla,13786,Ciudad,Luxembourg,126
921,Cañada Clara Ferrán,04871,Córdoba,Honduras,160
922,Plaza de Pía Casal,35530,Albacete,Slovenia,140
923,Alameda de Agapito Uría,44040,Asturias,Mauritania,31
924,Callejón de Eric Rozas,08351,Alicante,Afghanistan,54
925,Paseo de Victoriano Tapia,27937,Ciudad,Marshall Islands,173
926,Ronda Lucas Gabaldón,45042,Zaragoza,Switzerland,143
927,Cuesta de Jose Manuel Palau,28097,Santa Cruz de Tenerife,Germany,117
928,Acceso Amador Conesa,47939,Girona,New Zealand,176
929,Avenida de Nando Vargas,10326,Valencia,Ireland,121
930,Alameda de Tiburcio Cabrera,22923,Albacete,Bulgaria,108
931,Urbanización Aureliano Elías,26165,Castellón,Dominica,154
932,Rambla de Catalina Comas,46049,Zamora,South Africa,44
933,Cañada Blas Paniagua,48153,Almería,Syria,90
934,Urbanización Poncio Figuerola,28387,Baleares,Philippines,84
935,Avenida Gastón Tolosa,33146,León,Denmark,112
936,Plaza de Nélida Real,42049,Granada,Azerbaijan,104
937,Pasadizo Rosa María Rubio,23478,Barcelona,Vietnam,98
938,Camino de Adelia Pino,25686,Ávila,Brunei,58
939,Rambla de Javier Beltran,22645,Álava,Estonia,113
940,Pasaje Ibán Fernandez,49048,Salamanca,Croatia,109
941,Cuesta Édgar Casanovas,01459,Huelva,Switzerland,143
942,Plaza de Máxima Merino,40430,Ávila,East Timor,62
943,Via Rosa María Calvet,02341,Tarragona,Greece,118
944,Rambla Leandro Moliner,32452,Ourense,Liechtenstein,124
945,Avenida Silvestre Asensio,47937,Cuenca,South Sudan,45
946,Paseo Marcial Sanmiguel,18846,Huelva,Sweden,142
947,Ronda de Domitila Toledo,28335,Murcia,Samoa,179
948,Urbanización Calisto Canet,39554,Madrid,Turkmenistan,95
949,Pasadizo de Mamen Granados,23108,Córdoba,Bosnia and Herzegovina,107
950,Rambla de Ciriaco Rocha,46708,Cádiz,Iraq,67
951,Urbanización Alfredo Agullo,23409,Lugo,Taiwan,91
952,Avenida de Baltasar Suárez,03125,Zaragoza,Germany,117
953,Ronda Encarnación Alemany,43424,Jaén,Laos,76
954,Pasaje Vidal Esteban,22135,La Rioja,Peru,192
955,Pasadizo de Jacinto Solís,50313,Málaga,Israel,68
956,Avenida Nando Palma,49259,Jaén,Lebanon,77
957,Calle de Gervasio Luján,46957,León,Moldova,129
958,Ronda Daniel Navarro,22568,Burgos,Serbia,138
959,Cuesta Che González,27402,Murcia,Sudan,46
960,Cañada de Arsenio Montenegro,12365,Girona,Turkey,94
961,Callejón Apolonia Aguilar,13952,Zaragoza,Lithuania,125
962,Vial de Santiago Hidalgo,15865,Tarragona,Bahamas,148
963,Calle de Isaac Larrea,08907,La Coruña,Bahrain,55
964,Cuesta de Rodrigo García,05313,Zamora,Kuwait,74
965,Calle Trinidad Figuerola,19431,Madrid,Barbados,149
966,Rambla Aristides Bejarano,28303,Tarragona,Pakistan,83
967,Pasadizo Ibán Company,31483,Ciudad,Lesotho,25
968,Vial Pascual Pallarès,49343,Alicante,Australia,170
969,Cuesta Emelina Ramírez,12031,Cuenca,Yemen,99
970,Via de Reyes Girona,14598,Badajoz,Israel,68
971,Paseo Blanca Morillo,24262,Álava,Democratic Republic of Congo,12
972,Rambla de Eulalia Romero,18083,Ceuta,Oman,82
973,Avenida de Alonso Garriga,07770,Lugo,Jordan,70
974,Cuesta Guiomar Mayo,38282,Jaén,Bangladesh,56
975,Pasadizo de Silvio Belda,12546,Segovia,Mozambique,34
976,Ronda de Juan Luis Gargallo,30048,Castellón,Bhutan,57
977,Camino de Florentina Sola,35132,Zaragoza,Honduras,160
978,Vial Ignacio Balaguer,27733,Jaén,Cameroon,6
979,Alameda de Lupita Aramburu,23166,Cantabria,Papua New Guinea,178
980,Ronda Eusebia Goicoechea,41345,Lleida,Italy,122
981,Calle de Adelardo Palomino,32215,León,Marshall Islands,173
982,Via Amando Olmedo,31341,Las Palmas,Armenia,102
983,Ronda de Abril Blazquez,36985,Asturias,Liechtenstein,124
984,Acceso de Ale Barrera,50948,Cantabria,Taiwan,91
985,Callejón Valentín Melero,34303,Zaragoza,Taiwan,91
986,Pasaje Jimena Lluch,31708,Huesca,Turkmenistan,95
987,Ronda Arturo Berrocal,26139,Vizcaya,Dominican Republic,155
988,Rambla de Vicente Marín,21117,Palencia,Marshall Islands,173
989,Vial de Ani Sanz,06382,Badajoz,Oman,82
990,Avenida Irene Valentín,15146,Lugo,Belgium,106
991,Paseo de Cipriano Canet,18477,Barcelona,El Salvador,156
992,Rambla Maxi Doménech,43917,Palencia,Australia,170
993,Camino Baltasar Oliver,13054,Ourense,South Africa,44
994,Plaza Lourdes Leal,40792,Baleares,Thailand,93
995,Camino de Miguela Reina,34310,Valencia,Laos,76
996,Calle Heriberto Amores,29177,Burgos,Palau,177
997,Ronda Eric Pont,16166,Murcia,North Korea,72
998,Rambla Amado Torrens,36900,Alicante,Micronesia,174
999,Cuesta Marcelino Castillo,07517,Huesca,Tajikistan,92
